<banlist>
    <ban serial="5232ABA35AF76306925970F18F477794" banner="[3P6][SaLMaN]~" reason=" (nick: TrooK_KsA) (by salooom)" time="1304622346" />
    <ban serial="F50B44B47E661F91099DA57BD6B67B93" banner="[3P6][SaLMaN]~" reason=" (nick: D7ooM-aljasser) (by salooom)" time="1304622351" />
    <ban serial="FA2DEB5DBACA9BF9BDC7E9EA8EFD7353" banner="3P6|#ffffffWA7D" reason=" (nick: AAYMF) (by WA7D1)" time="1304681975" />
    <ban serial="24445C0B82CAF9D582883B81354714B2" banner="[3P6][SaLMaN]~" reason=" (nick: [VN]*OME) (by salooom)" time="1304688987" />
    <ban serial="88C2208FC8A1D89D4A8C415593C504F4" banner="[3p6]Nu9aiF" reason=" (nick: {AL-JOKER}~&lt;3) (by nu9aif)" time="1304876729" />
    <ban nick="koka" ip="188.51.134.190" banner="[3P6]SHARP#A10048TOT" reason=" (by A)" time="1304944583" />
    <ban serial="E20DE19CA2DD113BFC11F3FC57D76292" banner="AR-Administrator" reason="hack (nick: MKRN~KSA) (by Abu-Rafif)" time="1305042107" />
    <ban nick="$$_FaReS_$$" ip="41.130.42.232" banner="[3P6]SHARP#A10048TOT" reason=" (by A)" time="1305120841" />
    <ban serial="D5CCE2B695AB6269251E3AFAAEFC5A53" banner="[3p6]Nu9aiF" reason=" (nick: #ff0000Mr~) (by lo0ol)" time="1305123039" />
    <ban serial="6809A6FF2002F5325C266F3FCFF27F43" banner="[3P6]SHARP#A10048TOT" reason=" (nick: xX-HKR-KSA-Xx) (by A)" time="1305127707" />
    <ban serial="6A4004B42A9C53604EFD3A44FAE6C812" banner="|!ZaZoMaN&lt;&gt;-AL-SHMAl" reason=" (nick: [R*]shosho) (by xxx)" time="1305128189" />
    <ban serial="83AD2711CB0527CF65A9A94D019BB8E3" banner="[3P6]SHARP#A10048TOT" reason=" (nick: M.R(haso0on)*_*) (by A)" time="1305134740" />
    <ban serial="A959D66E6FC4EE3BD77BCA6C4F4C86A1" banner="Abu-Rafif" reason="hack (nick: /)" time="1305151503" />
    <ban serial="6088D6DF2B5E792CFF8F3CE71FDAB902" banner="Abu-Rafif" reason=" (nick: .)" time="1305158077" />
    <ban serial="2BD8C974842BC33D866E6CBDC885CB54" banner="[3P6]SHARP#A10048TOT" reason=" (nick: MGHOOL-#FF0000KsA-B52) (by A)" time="1305185251" />
    <ban serial="A8C663B5E81E93FBE64629076E845A94" banner="3P6]ra7#A1008ffeha-f11" reason=" (nick: dhhsdfhsf) (by f11)" time="1305186637" />
    <ban serial="EB765B36B315D09407148685AC296A52" banner="[3P6]SHARP#A10048TOT" reason=" (nick: youness) (by A)" time="1305186953" />
    <ban serial="DA20C3CEA6E0EA5B36E2F69194BC9D49" banner="3p6|#990000MF76_777" reason=" (nick: KeMo..!) (by mf76)" time="1305225331" />
    <ban serial="27FFAD9566FF7E875B67E53E02562802" banner="3p6|#990000MF76_777" reason=" (nick: MaFl+&gt;l-Mx[X]xM-l&lt;+) (by mf76)" time="1305238575" />
    <ban serial="B5EE9C387E2DDCD5EB10FB642C374282" banner="3p6|#990000MF76_777" reason=" (nick: yazeed077) (by mf76)" time="1305397934" />
    <ban nick="#fffffM39OB" ip="188.49.92.68" banner="[3P6]#FFF000IL-ROUSE" reason=" (by TURKY)" time="1305461784" />
    <ban serial="E2DF102DE4F05BDB84B9B79363C183A2" banner="KING-AL-SHFR" reason=" (nick: aBu.3TFH) (by ss)" time="1305475859" />
    <ban serial="82BF3864C2DF644F8E87880296B81FB3" banner="|3P6|krb6oni" reason=" (nick: Al-JohANi518TnAkS) (by krbtoni)" time="1305491432" />
    <ban serial="FDD48583B5F33EE4AB67BF4089259D43" banner="|3P6|krb6oni" reason=" (nick: &lt;) (by krbtoni)" time="1305507076" />
    <ban serial="BB5F7B899F8EF9EF87561303F1EA6EB4" banner="3p6|#990000MF76_777" reason=" (nick: |T~7|#000000~|FaYroS|~) (by mf76)" time="1305544481" />
    <ban serial="D1F34B537AAC97807D1C02139D2A8E42" banner="#0000006rb.abu.fadwa" reason=" (nick: 811) (by abo-fadwa)" time="1305636256" />
    <ban serial="FB3117D8F19A68F97729530773AD0F12" banner="[3P6]SHARP#A10048TOT" reason=" (nick: gggggggg) (by A)" time="1305747864" />
    <ban serial="734F58DE786D0229A75771F3443522F3 " banner="[Ga]~Nu9aiF" time="1305795334" />
    <ban serial="56AD2429FBF422A71DB1EC9A242AA043" banner="=Ak=King-OF-sniper" reason=" (nick: SKr0) (by azoz)" time="1305806372" />
    <ban serial="BF95439F366B2842229FAC2B445DEA04" banner="abo.maha" reason=" (nick: MR.86BE~VIP~) (by krbtoni)" time="1305869421" />
    <ban nick="xxxxxxxxxxxxxxxxxxxxxx" ip="188.51.109.67" banner="-3P6-]~[Mr.Ms6oOoL]~" reason=" (by ms6ool)" time="1306091885" />
    <ban nick="KING_07" ip="46.240.25.90" banner="[3p6]SHARP#A10048TOT" reason=" (by A)" time="1306169830" />
    <ban nick="#000000|A~7|A7TRT" ip="2.89.190.19" banner="~~~~~~~#F00000|M|" reason=" (by o.t5)" time="1306179976" />
    <ban nick="MaF~(+-ZY#000000ID-+)" ip="46.240.26.253" banner="3P6]ra7#A1008ffeha-f11" reason=" (by f11)" time="1306252875" />
    <ban nick="MHSTR" ip="77.30.32.8" banner="[3P6]#333222IL-ROUSE" reason=" (by TURKY)" time="1306403814" />
    <ban ip="41.35.84.65" banner="[GA]-+iNu9aiF" time="1306534820" />
    <ban serial="BF714A92985D8FD0BF3E3C709C4EDD71" banner="[GA]+Nu9aiF" reason=" (nick: A.7|#ff0000Mr.D7o0o0oM) (by nu9aif)" time="1306576016" unban="1306619216" />
    <ban serial="141BA0485F592B757EA00CDD3BB88CA1" banner="[GA]+Nu9aiF" reason=" (nick: -) (by nu9aif)" time="1306576516" />
    <ban serial="48149FB966DA7BDFCFD1562E3FF834E3" banner="[3P6]SaLMaN~&lt;" reason=" (nick: mr.samsomi) (by SaLMaN)" time="1306586735" />
    <ban serial="0A7679474A241DFEFBCA3571CCAB81A2" banner="-3P6-]~[MR.HetLaR]~" reason=" (nick: #0000007bob) (by mmhh)" time="1306587022" unban="1306590622" />
    <ban serial="8332B20046640AD0B8CD181FF94CDBA3" banner="[GA]+14re" reason=" (nick: zidan|~MAF~|) (by nu9aif)" time="1306589201" />
</banlist>
