<meta>
    <script src="gates.lua" type="server" />
    <script src="ad_base_s.lua" type="server" />
    <script src="ad_base_c.lua" type="client" />
    <script src="Teleports.lua" type="server" />
    <info type="map" name="Adminbase" author="Lilboy" version="2.0.0" description="Adminbase with Stunt, Drift, Everything." />
    <map src="Adminbase.map" dimension="0" />
    <settings>
        <setting name="#minplayers" value="[ 0 ]" />
        <setting name="#maxplayers" value="[ 128 ]" />
        <setting name="#gravity" value="[ 0.008000 ]" />
        <setting name="#weather" value="[ 0 ]" />
        <setting name="#time" value="12:0" />
        <setting name="#locked_time" value="[ false ]" />
        <setting name="#waveheight" value="[ 0 ]" />
        <setting name="#gamespeed" value="[ 1 ]" />
    </settings>
</meta>
