<meta>
    <script src="server.lua" type="server" />
    <info type="map" name="Zombotech Admin Base" author="benxamix2" version="2.6.0" description="A nice admin base located in Zombotech Lab, the sinister zombie research builiding." />
    <map src="admbase-zombotech.map" dimension="0" />
    <settings>
        <setting name="#minplayers" value="[ 0 ]" />
        <setting name="#maxplayers" value="[ 64 ]" />
        <setting name="#gravity" value="[ 0.008000 ]" />
        <setting name="#weather" value="[ 4 ]" />
        <setting name="#time" value="0:0" />
        <setting name="#locked_time" value="[ false ]" />
        <setting name="#waveheight" value="[ 0 ]" />
        <setting name="#gamespeed" value="[ 1 ]" />
    </settings>
</meta>
